{"Age":{"min":18.0,"max":90.0},"Gender":{"min":0.0,"max":1.0},"DMIndicator":{"min":0.0,"max":1.0},"RespiratoryRate_Max":{"min":12.0,"max":80.0},"Temperature_Max":{"min":93.6,"max":181.0},"RespiratoryRate_Min":{"min":1.0,"max":24.0},"DiastolicBP_Std":{"min":0.0,"max":20.2977831302},"BMI_Mean":{"min":0.1221238532,"max":50.9},"RespiratoryRate_Mean":{"min":11.0,"max":37.0},"Temperature_Mean":{"min":87.012869242,"max":106.195731599},"BMI_Change":{"min":0.0,"max":66.483},"DiastolicBP_Change":{"min":0.0,"max":40.0},"Height_Change":{"min":0.0,"max":12.1032739808},"RespiratoryRate_Change":{"min":0.0,"max":61.0849742147},"SystolicBP_Change":{"min":0.0,"max":141.0},"Temperature_Change":{"min":0.0,"max":28.9826654275},"Weight_Change":{"min":0.0,"max":451.948}}